{
    "intrinsics": [
        2102.080562187802,
        0,
        689.2057889332623,
        0,
        2094.0179120166754,
        496.6622802275393,
        0,
        0,
        1
    ],
    "extrinsics": [
        1.65,
        0.1,
        0.01
    ],
    "distortion": [
        -0.06478109387525666,
        0.39036067923005396,
        -0.0042514793151166306,
        0.008306749648029776,
        -1.6613800909405605
    ]
}